CallOI,STRIKE PRICE,PutOI
400,50,400
-,100,15600
-,150,4400
-,160,-
-,180,-
-,200,256800
-,220,-
-,240,-
2400,250,45600
-,260,1200
-,280,23600
19200,300,324400
21600,320,284800
232000,340,253200
201600,350,181600
405600,360,138800
665200,380,211200
656000,400,216400
284000,420,224000
433600,440,83600
374000,450,41600
240400,460,49200
371600,480,43200
700400,500,23200
89600,520,2000
70400,540,800
174800,550,4000
37200,560,1600
15600,580,800
327600,600,1600
2400,620,-
-,640,-
40800,650,400
102000,700,-
5200,750,-
36000,800,-
-,850,-
10800,900,800
800,950,-
20400,1000,-
-,1050,-
-,1100,-
-,1150,400
5200,1200,800
-,1250,4800
1200,1300,1200
-,1350,800
-,1400,7200
-,1450,-
2400,1500,-
-,1550,-
-,1600,-
-,1650,-
-,1700,-
